--------------------------------------------------------
--  File created - onsdag-februar-07-2018   
--------------------------------------------------------
--------------------------------------------------------
--  DDL for Table ACCOUNT
--------------------------------------------------------

  CREATE TABLE "TOTALLYSPIES"."ACCOUNT" 
   (	"ACCOUNT_ID" NUMBER, 
	"TYPE" VARCHAR2(20 BYTE), 
	"USERNAME" VARCHAR2(20 BYTE), 
	"EMAIL" VARCHAR2(20 BYTE), 
	"PASSWORD" VARCHAR2(20 BYTE), 
	"URL" NUMBER(4,0), 
	"FIRSTNAME" VARCHAR2(20 BYTE), 
	"LASTNAME" VARCHAR2(20 BYTE), 
	"QUESTION" VARCHAR2(60 BYTE), 
	"LOCATION_ID" NUMBER(5,0)
   ) SEGMENT CREATION IMMEDIATE 
  PCTFREE 10 PCTUSED 40 INITRANS 1 MAXTRANS 255 
 NOCOMPRESS LOGGING
  STORAGE(INITIAL 65536 NEXT 1048576 MINEXTENTS 1 MAXEXTENTS 2147483645
  PCTINCREASE 0 FREELISTS 1 FREELIST GROUPS 1
  BUFFER_POOL DEFAULT FLASH_CACHE DEFAULT CELL_FLASH_CACHE DEFAULT)
  TABLESPACE "USERS" ;
--------------------------------------------------------
--  DDL for Table BUDGET
--------------------------------------------------------

  CREATE TABLE "TOTALLYSPIES"."BUDGET" 
   (	"BUDGET_ID" NUMBER, 
	"PLATFORMFEE" NUMBER, 
	"DONATIONPROCESSINGFEE" NUMBER
   ) SEGMENT CREATION IMMEDIATE 
  PCTFREE 10 PCTUSED 40 INITRANS 1 MAXTRANS 255 
 NOCOMPRESS LOGGING
  STORAGE(INITIAL 65536 NEXT 1048576 MINEXTENTS 1 MAXEXTENTS 2147483645
  PCTINCREASE 0 FREELISTS 1 FREELIST GROUPS 1
  BUFFER_POOL DEFAULT FLASH_CACHE DEFAULT CELL_FLASH_CACHE DEFAULT)
  TABLESPACE "USERS" ;
--------------------------------------------------------
--  DDL for Table CHECKOUT
--------------------------------------------------------

  CREATE TABLE "TOTALLYSPIES"."CHECKOUT" 
   (	"ORDERNUMBER" NUMBER, 
	"DATEOFTRANSACTION" DATE, 
	"ANONYMOUSDONATION" VARCHAR2(20 BYTE), 
	"DISPLAYNAME" VARCHAR2(20 BYTE), 
	"EMAIL" VARCHAR2(20 BYTE), 
	"DONATION_ID" NUMBER, 
	"ACCOUNT_ID" NUMBER
   ) SEGMENT CREATION IMMEDIATE 
  PCTFREE 10 PCTUSED 40 INITRANS 1 MAXTRANS 255 
 NOCOMPRESS LOGGING
  STORAGE(INITIAL 65536 NEXT 1048576 MINEXTENTS 1 MAXEXTENTS 2147483645
  PCTINCREASE 0 FREELISTS 1 FREELIST GROUPS 1
  BUFFER_POOL DEFAULT FLASH_CACHE DEFAULT CELL_FLASH_CACHE DEFAULT)
  TABLESPACE "USERS" ;
--------------------------------------------------------
--  DDL for Table DONATION
--------------------------------------------------------

  CREATE TABLE "TOTALLYSPIES"."DONATION" 
   (	"DONATION_ID" NUMBER, 
	"AMOUNT" NUMBER, 
	"PROJECT_ID" NUMBER, 
	"ACCOUNT_ID" NUMBER
   ) SEGMENT CREATION IMMEDIATE 
  PCTFREE 10 PCTUSED 40 INITRANS 1 MAXTRANS 255 
 NOCOMPRESS LOGGING
  STORAGE(INITIAL 65536 NEXT 1048576 MINEXTENTS 1 MAXEXTENTS 2147483645
  PCTINCREASE 0 FREELISTS 1 FREELIST GROUPS 1
  BUFFER_POOL DEFAULT FLASH_CACHE DEFAULT CELL_FLASH_CACHE DEFAULT)
  TABLESPACE "USERS" ;
--------------------------------------------------------
--  DDL for Table FOCUS
--------------------------------------------------------

  CREATE TABLE "TOTALLYSPIES"."FOCUS" 
   (	"FOCUSAREA_ID" NUMBER, 
	"PROJECT_ID" NUMBER
   ) SEGMENT CREATION IMMEDIATE 
  PCTFREE 10 PCTUSED 40 INITRANS 1 MAXTRANS 255 
 NOCOMPRESS LOGGING
  STORAGE(INITIAL 65536 NEXT 1048576 MINEXTENTS 1 MAXEXTENTS 2147483645
  PCTINCREASE 0 FREELISTS 1 FREELIST GROUPS 1
  BUFFER_POOL DEFAULT FLASH_CACHE DEFAULT CELL_FLASH_CACHE DEFAULT)
  TABLESPACE "USERS" ;
--------------------------------------------------------
--  DDL for Table FOCUSAREA
--------------------------------------------------------

  CREATE TABLE "TOTALLYSPIES"."FOCUSAREA" 
   (	"FOCUSAREA_ID" NUMBER(*,0), 
	"FOCUSAREA" VARCHAR2(30 BYTE)
   ) SEGMENT CREATION IMMEDIATE 
  PCTFREE 10 PCTUSED 40 INITRANS 1 MAXTRANS 255 
 NOCOMPRESS LOGGING
  STORAGE(INITIAL 65536 NEXT 1048576 MINEXTENTS 1 MAXEXTENTS 2147483645
  PCTINCREASE 0 FREELISTS 1 FREELIST GROUPS 1
  BUFFER_POOL DEFAULT FLASH_CACHE DEFAULT CELL_FLASH_CACHE DEFAULT)
  TABLESPACE "USERS" ;
--------------------------------------------------------
--  DDL for Table GIVINGLEVEL
--------------------------------------------------------

  CREATE TABLE "TOTALLYSPIES"."GIVINGLEVEL" 
   (	"GIVINGLEVEL_ID" NUMBER, 
	"AMOUNT" NUMBER, 
	"DESCRIPTION" VARCHAR2(50 BYTE)
   ) SEGMENT CREATION IMMEDIATE 
  PCTFREE 10 PCTUSED 40 INITRANS 1 MAXTRANS 255 
 NOCOMPRESS LOGGING
  STORAGE(INITIAL 65536 NEXT 1048576 MINEXTENTS 1 MAXEXTENTS 2147483645
  PCTINCREASE 0 FREELISTS 1 FREELIST GROUPS 1
  BUFFER_POOL DEFAULT FLASH_CACHE DEFAULT CELL_FLASH_CACHE DEFAULT)
  TABLESPACE "USERS" ;
--------------------------------------------------------
--  DDL for Table LOCATION
--------------------------------------------------------

  CREATE TABLE "TOTALLYSPIES"."LOCATION" 
   (	"LOCATION_ID" NUMBER(5,0), 
	"DISCRIPTION" VARCHAR2(50 BYTE), 
	"STREETADDRESS" VARCHAR2(40 BYTE), 
	"CITY" VARCHAR2(20 BYTE), 
	"STATE" VARCHAR2(20 BYTE), 
	"POSTALCODE" NUMBER(9,0)
   ) SEGMENT CREATION IMMEDIATE 
  PCTFREE 10 PCTUSED 40 INITRANS 1 MAXTRANS 255 
 NOCOMPRESS LOGGING
  STORAGE(INITIAL 65536 NEXT 1048576 MINEXTENTS 1 MAXEXTENTS 2147483645
  PCTINCREASE 0 FREELISTS 1 FREELIST GROUPS 1
  BUFFER_POOL DEFAULT FLASH_CACHE DEFAULT CELL_FLASH_CACHE DEFAULT)
  TABLESPACE "USERS" ;
--------------------------------------------------------
--  DDL for Table PROJECT
--------------------------------------------------------

  CREATE TABLE "TOTALLYSPIES"."PROJECT" 
   (	"PROJECT_ID" NUMBER(6,0), 
	"TITLE" VARCHAR2(20 BYTE), 
	"STATUS" VARCHAR2(20 BYTE), 
	"GOAL" NUMBER, 
	"DESCRIPTION" VARCHAR2(30 BYTE), 
	"DATECREATED" DATE, 
	"FUNDINGDEADLINE" DATE, 
	"LEADER" VARCHAR2(20 BYTE), 
	"TheSteps" VARCHAR2(100 BYTE), 
	"WhyWe'reDoingIt" VARCHAR2(100 BYTE), 
	"ACCOUNT_ID" NUMBER, 
	"BUDGET_ID" NUMBER, 
	"LOCATION_ID" NUMBER, 
	"GIVINGLEVEL_ID" NUMBER
   ) SEGMENT CREATION IMMEDIATE 
  PCTFREE 10 PCTUSED 40 INITRANS 1 MAXTRANS 255 
 NOCOMPRESS LOGGING
  STORAGE(INITIAL 65536 NEXT 1048576 MINEXTENTS 1 MAXEXTENTS 2147483645
  PCTINCREASE 0 FREELISTS 1 FREELIST GROUPS 1
  BUFFER_POOL DEFAULT FLASH_CACHE DEFAULT CELL_FLASH_CACHE DEFAULT)
  TABLESPACE "USERS"  ENABLE ROW MOVEMENT ;
--------------------------------------------------------
--  DDL for Table PROJECTTYPE
--------------------------------------------------------

  CREATE TABLE "TOTALLYSPIES"."PROJECTTYPE" 
   (	"PROJECTTYPE_ID" NUMBER(*,0), 
	"PROJECTTYPE" VARCHAR2(30 BYTE)
   ) SEGMENT CREATION IMMEDIATE 
  PCTFREE 10 PCTUSED 40 INITRANS 1 MAXTRANS 255 
 NOCOMPRESS LOGGING
  STORAGE(INITIAL 65536 NEXT 1048576 MINEXTENTS 1 MAXEXTENTS 2147483645
  PCTINCREASE 0 FREELISTS 1 FREELIST GROUPS 1
  BUFFER_POOL DEFAULT FLASH_CACHE DEFAULT CELL_FLASH_CACHE DEFAULT)
  TABLESPACE "USERS" ;
--------------------------------------------------------
--  DDL for Table TYPE
--------------------------------------------------------

  CREATE TABLE "TOTALLYSPIES"."TYPE" 
   (	"PROJECTTYPE_ID" NUMBER, 
	"PROJECT_ID" NUMBER
   ) SEGMENT CREATION IMMEDIATE 
  PCTFREE 10 PCTUSED 40 INITRANS 1 MAXTRANS 255 
 NOCOMPRESS LOGGING
  STORAGE(INITIAL 65536 NEXT 1048576 MINEXTENTS 1 MAXEXTENTS 2147483645
  PCTINCREASE 0 FREELISTS 1 FREELIST GROUPS 1
  BUFFER_POOL DEFAULT FLASH_CACHE DEFAULT CELL_FLASH_CACHE DEFAULT)
  TABLESPACE "USERS" ;
--------------------------------------------------------
--  DDL for Table URL
--------------------------------------------------------

  CREATE TABLE "TOTALLYSPIES"."URL" 
   (	"URL_ID" NUMBER, 
	"LINK" VARCHAR2(30 BYTE), 
	"ACCOUNT_ID" NUMBER
   ) SEGMENT CREATION IMMEDIATE 
  PCTFREE 10 PCTUSED 40 INITRANS 1 MAXTRANS 255 
 NOCOMPRESS LOGGING
  STORAGE(INITIAL 65536 NEXT 1048576 MINEXTENTS 1 MAXEXTENTS 2147483645
  PCTINCREASE 0 FREELISTS 1 FREELIST GROUPS 1
  BUFFER_POOL DEFAULT FLASH_CACHE DEFAULT CELL_FLASH_CACHE DEFAULT)
  TABLESPACE "USERS" ;
REM INSERTING into TOTALLYSPIES.ACCOUNT
SET DEFINE OFF;
Insert into TOTALLYSPIES.ACCOUNT (ACCOUNT_ID,TYPE,USERNAME,EMAIL,PASSWORD,URL,FIRSTNAME,LASTNAME,QUESTION,LOCATION_ID) values ('1','donor','Tom','tom1@uia.no','tom1234','2','Tom','Hansen','from a friend','11');
Insert into TOTALLYSPIES.ACCOUNT (ACCOUNT_ID,TYPE,USERNAME,EMAIL,PASSWORD,URL,FIRSTNAME,LASTNAME,QUESTION,LOCATION_ID) values ('2','donor','Linn','Linn1@uia.no','Linn1234','1','Linn','Hansen','from a co-worker','11');
REM INSERTING into TOTALLYSPIES.BUDGET
SET DEFINE OFF;
Insert into TOTALLYSPIES.BUDGET (BUDGET_ID,PLATFORMFEE,DONATIONPROCESSINGFEE) values ('41','35','30');
Insert into TOTALLYSPIES.BUDGET (BUDGET_ID,PLATFORMFEE,DONATIONPROCESSINGFEE) values ('42','35','30');
REM INSERTING into TOTALLYSPIES.CHECKOUT
SET DEFINE OFF;
Insert into TOTALLYSPIES.CHECKOUT (ORDERNUMBER,DATEOFTRANSACTION,ANONYMOUSDONATION,DISPLAYNAME,EMAIL,DONATION_ID,ACCOUNT_ID) values ('91',to_date('02.07.2018','DD.MM.RRRR'),'no','Tom','no','81','1');
Insert into TOTALLYSPIES.CHECKOUT (ORDERNUMBER,DATEOFTRANSACTION,ANONYMOUSDONATION,DISPLAYNAME,EMAIL,DONATION_ID,ACCOUNT_ID) values ('92',to_date('02.07.2018','DD.MM.RRRR'),'no','Linn','no','82','2');
REM INSERTING into TOTALLYSPIES.DONATION
SET DEFINE OFF;
Insert into TOTALLYSPIES.DONATION (DONATION_ID,AMOUNT,PROJECT_ID,ACCOUNT_ID) values ('81','75','31','1');
Insert into TOTALLYSPIES.DONATION (DONATION_ID,AMOUNT,PROJECT_ID,ACCOUNT_ID) values ('82','85','32','2');
REM INSERTING into TOTALLYSPIES.FOCUS
SET DEFINE OFF;
Insert into TOTALLYSPIES.FOCUS (FOCUSAREA_ID,PROJECT_ID) values ('61','31');
Insert into TOTALLYSPIES.FOCUS (FOCUSAREA_ID,PROJECT_ID) values ('62','32');
REM INSERTING into TOTALLYSPIES.FOCUSAREA
SET DEFINE OFF;
Insert into TOTALLYSPIES.FOCUSAREA (FOCUSAREA_ID,FOCUSAREA) values ('61','Clean Air');
Insert into TOTALLYSPIES.FOCUSAREA (FOCUSAREA_ID,FOCUSAREA) values ('62','Clean Water');
REM INSERTING into TOTALLYSPIES.GIVINGLEVEL
SET DEFINE OFF;
Insert into TOTALLYSPIES.GIVINGLEVEL (GIVINGLEVEL_ID,AMOUNT,DESCRIPTION) values ('51','75','toothbrush kits');
Insert into TOTALLYSPIES.GIVINGLEVEL (GIVINGLEVEL_ID,AMOUNT,DESCRIPTION) values ('52','20','healthy snacks');
REM INSERTING into TOTALLYSPIES.LOCATION
SET DEFINE OFF;
Insert into TOTALLYSPIES.LOCATION (LOCATION_ID,DISCRIPTION,STREETADDRESS,CITY,STATE,POSTALCODE) values ('11',null,'Harrison Road 3510','Montgomery','Alabama','351036109');
Insert into TOTALLYSPIES.LOCATION (LOCATION_ID,DISCRIPTION,STREETADDRESS,CITY,STATE,POSTALCODE) values ('12',null,'111 East Kriby','Michigan','Detroit','11148202');
REM INSERTING into TOTALLYSPIES.PROJECT
SET DEFINE OFF;
Insert into TOTALLYSPIES.PROJECT (PROJECT_ID,TITLE,STATUS,GOAL,DESCRIPTION,DATECREATED,FUNDINGDEADLINE,LEADER,"TheSteps","WhyWe'reDoingIt",ACCOUNT_ID,BUDGET_ID,LOCATION_ID,GIVINGLEVEL_ID) values ('31','All-Star Smiles','Open','1065','This is a project',to_date('03.03.2017','DD.MM.RRRR'),to_date('02.02.2018','DD.MM.RRRR'),'Brytany H','The Steps','Why we are doing it','1','41','11','51');
Insert into TOTALLYSPIES.PROJECT (PROJECT_ID,TITLE,STATUS,GOAL,DESCRIPTION,DATECREATED,FUNDINGDEADLINE,LEADER,"TheSteps","WhyWe'reDoingIt",ACCOUNT_ID,BUDGET_ID,LOCATION_ID,GIVINGLEVEL_ID) values ('32','ABISA Mobile','Open','5185','This is a project',to_date('09.10.2017','DD.MM.RRRR'),to_date('08.03.2018','DD.MM.RRRR'),'Seydie S','The Steps','Why we are doing it','2','42','12','52');
REM INSERTING into TOTALLYSPIES.PROJECTTYPE
SET DEFINE OFF;
Insert into TOTALLYSPIES.PROJECTTYPE (PROJECTTYPE_ID,PROJECTTYPE) values ('71','Type1');
Insert into TOTALLYSPIES.PROJECTTYPE (PROJECTTYPE_ID,PROJECTTYPE) values ('72','Type2');
REM INSERTING into TOTALLYSPIES.TYPE
SET DEFINE OFF;
Insert into TOTALLYSPIES.TYPE (PROJECTTYPE_ID,PROJECT_ID) values ('71','31');
Insert into TOTALLYSPIES.TYPE (PROJECTTYPE_ID,PROJECT_ID) values ('72','32');
REM INSERTING into TOTALLYSPIES.URL
SET DEFINE OFF;
Insert into TOTALLYSPIES.URL (URL_ID,LINK,ACCOUNT_ID) values ('21','facebook.com','1');
Insert into TOTALLYSPIES.URL (URL_ID,LINK,ACCOUNT_ID) values ('22','twitter.com','2');
--------------------------------------------------------
--  Constraints for Table ACCOUNT
--------------------------------------------------------

  ALTER TABLE "TOTALLYSPIES"."ACCOUNT" MODIFY ("LASTNAME" NOT NULL ENABLE);
  ALTER TABLE "TOTALLYSPIES"."ACCOUNT" MODIFY ("FIRSTNAME" NOT NULL ENABLE);
  ALTER TABLE "TOTALLYSPIES"."ACCOUNT" MODIFY ("PASSWORD" NOT NULL ENABLE);
  ALTER TABLE "TOTALLYSPIES"."ACCOUNT" MODIFY ("EMAIL" NOT NULL ENABLE);
  ALTER TABLE "TOTALLYSPIES"."ACCOUNT" MODIFY ("USERNAME" NOT NULL ENABLE);
  ALTER TABLE "TOTALLYSPIES"."ACCOUNT" MODIFY ("TYPE" NOT NULL ENABLE);
  ALTER TABLE "TOTALLYSPIES"."ACCOUNT" MODIFY ("ACCOUNT_ID" NOT NULL ENABLE);
  ALTER TABLE "TOTALLYSPIES"."ACCOUNT" ADD CONSTRAINT "ACCOUNT_PK" PRIMARY KEY ("ACCOUNT_ID")
  USING INDEX PCTFREE 10 INITRANS 2 MAXTRANS 255 COMPUTE STATISTICS 
  STORAGE(INITIAL 65536 NEXT 1048576 MINEXTENTS 1 MAXEXTENTS 2147483645
  PCTINCREASE 0 FREELISTS 1 FREELIST GROUPS 1
  BUFFER_POOL DEFAULT FLASH_CACHE DEFAULT CELL_FLASH_CACHE DEFAULT)
  TABLESPACE "USERS"  ENABLE;
  ALTER TABLE "TOTALLYSPIES"."ACCOUNT" MODIFY ("QUESTION" NOT NULL ENABLE);
--------------------------------------------------------
--  Constraints for Table BUDGET
--------------------------------------------------------

  ALTER TABLE "TOTALLYSPIES"."BUDGET" ADD CONSTRAINT "BUDGET_PK" PRIMARY KEY ("BUDGET_ID")
  USING INDEX PCTFREE 10 INITRANS 2 MAXTRANS 255 COMPUTE STATISTICS 
  STORAGE(INITIAL 65536 NEXT 1048576 MINEXTENTS 1 MAXEXTENTS 2147483645
  PCTINCREASE 0 FREELISTS 1 FREELIST GROUPS 1
  BUFFER_POOL DEFAULT FLASH_CACHE DEFAULT CELL_FLASH_CACHE DEFAULT)
  TABLESPACE "USERS"  ENABLE;
  ALTER TABLE "TOTALLYSPIES"."BUDGET" MODIFY ("DONATIONPROCESSINGFEE" NOT NULL ENABLE);
  ALTER TABLE "TOTALLYSPIES"."BUDGET" MODIFY ("PLATFORMFEE" NOT NULL ENABLE);
  ALTER TABLE "TOTALLYSPIES"."BUDGET" MODIFY ("BUDGET_ID" NOT NULL ENABLE);
--------------------------------------------------------
--  Constraints for Table CHECKOUT
--------------------------------------------------------

  ALTER TABLE "TOTALLYSPIES"."CHECKOUT" ADD CONSTRAINT "CHECKOUT_PK" PRIMARY KEY ("ORDERNUMBER")
  USING INDEX PCTFREE 10 INITRANS 2 MAXTRANS 255 COMPUTE STATISTICS 
  STORAGE(INITIAL 65536 NEXT 1048576 MINEXTENTS 1 MAXEXTENTS 2147483645
  PCTINCREASE 0 FREELISTS 1 FREELIST GROUPS 1
  BUFFER_POOL DEFAULT FLASH_CACHE DEFAULT CELL_FLASH_CACHE DEFAULT)
  TABLESPACE "USERS"  ENABLE;
  ALTER TABLE "TOTALLYSPIES"."CHECKOUT" MODIFY ("ACCOUNT_ID" NOT NULL ENABLE);
  ALTER TABLE "TOTALLYSPIES"."CHECKOUT" MODIFY ("DONATION_ID" NOT NULL ENABLE);
  ALTER TABLE "TOTALLYSPIES"."CHECKOUT" MODIFY ("EMAIL" NOT NULL ENABLE);
  ALTER TABLE "TOTALLYSPIES"."CHECKOUT" MODIFY ("DISPLAYNAME" NOT NULL ENABLE);
  ALTER TABLE "TOTALLYSPIES"."CHECKOUT" MODIFY ("ANONYMOUSDONATION" NOT NULL ENABLE);
  ALTER TABLE "TOTALLYSPIES"."CHECKOUT" MODIFY ("DATEOFTRANSACTION" NOT NULL ENABLE);
  ALTER TABLE "TOTALLYSPIES"."CHECKOUT" MODIFY ("ORDERNUMBER" NOT NULL ENABLE);
--------------------------------------------------------
--  Constraints for Table DONATION
--------------------------------------------------------

  ALTER TABLE "TOTALLYSPIES"."DONATION" MODIFY ("PROJECT_ID" NOT NULL ENABLE);
  ALTER TABLE "TOTALLYSPIES"."DONATION" MODIFY ("ACCOUNT_ID" NOT NULL ENABLE);
  ALTER TABLE "TOTALLYSPIES"."DONATION" ADD CONSTRAINT "DONATION_PK" PRIMARY KEY ("DONATION_ID")
  USING INDEX PCTFREE 10 INITRANS 2 MAXTRANS 255 COMPUTE STATISTICS 
  STORAGE(INITIAL 65536 NEXT 1048576 MINEXTENTS 1 MAXEXTENTS 2147483645
  PCTINCREASE 0 FREELISTS 1 FREELIST GROUPS 1
  BUFFER_POOL DEFAULT FLASH_CACHE DEFAULT CELL_FLASH_CACHE DEFAULT)
  TABLESPACE "USERS"  ENABLE;
  ALTER TABLE "TOTALLYSPIES"."DONATION" MODIFY ("AMOUNT" NOT NULL ENABLE);
  ALTER TABLE "TOTALLYSPIES"."DONATION" MODIFY ("DONATION_ID" NOT NULL ENABLE);
--------------------------------------------------------
--  Constraints for Table FOCUS
--------------------------------------------------------

  ALTER TABLE "TOTALLYSPIES"."FOCUS" ADD CONSTRAINT "FOCUS_PK" PRIMARY KEY ("FOCUSAREA_ID", "PROJECT_ID")
  USING INDEX PCTFREE 10 INITRANS 2 MAXTRANS 255 COMPUTE STATISTICS 
  STORAGE(INITIAL 65536 NEXT 1048576 MINEXTENTS 1 MAXEXTENTS 2147483645
  PCTINCREASE 0 FREELISTS 1 FREELIST GROUPS 1
  BUFFER_POOL DEFAULT FLASH_CACHE DEFAULT CELL_FLASH_CACHE DEFAULT)
  TABLESPACE "USERS"  ENABLE;
  ALTER TABLE "TOTALLYSPIES"."FOCUS" MODIFY ("PROJECT_ID" NOT NULL ENABLE);
  ALTER TABLE "TOTALLYSPIES"."FOCUS" MODIFY ("FOCUSAREA_ID" NOT NULL ENABLE);
--------------------------------------------------------
--  Constraints for Table FOCUSAREA
--------------------------------------------------------

  ALTER TABLE "TOTALLYSPIES"."FOCUSAREA" ADD CONSTRAINT "FOCUSAREA_PK" PRIMARY KEY ("FOCUSAREA_ID")
  USING INDEX PCTFREE 10 INITRANS 2 MAXTRANS 255 COMPUTE STATISTICS 
  STORAGE(INITIAL 65536 NEXT 1048576 MINEXTENTS 1 MAXEXTENTS 2147483645
  PCTINCREASE 0 FREELISTS 1 FREELIST GROUPS 1
  BUFFER_POOL DEFAULT FLASH_CACHE DEFAULT CELL_FLASH_CACHE DEFAULT)
  TABLESPACE "USERS"  ENABLE;
  ALTER TABLE "TOTALLYSPIES"."FOCUSAREA" MODIFY ("FOCUSAREA" NOT NULL ENABLE);
  ALTER TABLE "TOTALLYSPIES"."FOCUSAREA" MODIFY ("FOCUSAREA_ID" NOT NULL ENABLE);
--------------------------------------------------------
--  Constraints for Table GIVINGLEVEL
--------------------------------------------------------

  ALTER TABLE "TOTALLYSPIES"."GIVINGLEVEL" ADD CONSTRAINT "GIVINGLEVEL_PK" PRIMARY KEY ("GIVINGLEVEL_ID")
  USING INDEX PCTFREE 10 INITRANS 2 MAXTRANS 255 COMPUTE STATISTICS 
  STORAGE(INITIAL 65536 NEXT 1048576 MINEXTENTS 1 MAXEXTENTS 2147483645
  PCTINCREASE 0 FREELISTS 1 FREELIST GROUPS 1
  BUFFER_POOL DEFAULT FLASH_CACHE DEFAULT CELL_FLASH_CACHE DEFAULT)
  TABLESPACE "USERS"  ENABLE;
  ALTER TABLE "TOTALLYSPIES"."GIVINGLEVEL" MODIFY ("DESCRIPTION" NOT NULL ENABLE);
  ALTER TABLE "TOTALLYSPIES"."GIVINGLEVEL" MODIFY ("AMOUNT" NOT NULL ENABLE);
  ALTER TABLE "TOTALLYSPIES"."GIVINGLEVEL" MODIFY ("GIVINGLEVEL_ID" NOT NULL ENABLE);
--------------------------------------------------------
--  Constraints for Table LOCATION
--------------------------------------------------------

  ALTER TABLE "TOTALLYSPIES"."LOCATION" ADD CONSTRAINT "LOCATION_PK" PRIMARY KEY ("LOCATION_ID")
  USING INDEX PCTFREE 10 INITRANS 2 MAXTRANS 255 COMPUTE STATISTICS 
  STORAGE(INITIAL 65536 NEXT 1048576 MINEXTENTS 1 MAXEXTENTS 2147483645
  PCTINCREASE 0 FREELISTS 1 FREELIST GROUPS 1
  BUFFER_POOL DEFAULT FLASH_CACHE DEFAULT CELL_FLASH_CACHE DEFAULT)
  TABLESPACE "USERS"  ENABLE;
  ALTER TABLE "TOTALLYSPIES"."LOCATION" MODIFY ("POSTALCODE" NOT NULL ENABLE);
  ALTER TABLE "TOTALLYSPIES"."LOCATION" MODIFY ("STATE" NOT NULL ENABLE);
  ALTER TABLE "TOTALLYSPIES"."LOCATION" MODIFY ("CITY" NOT NULL ENABLE);
  ALTER TABLE "TOTALLYSPIES"."LOCATION" MODIFY ("STREETADDRESS" NOT NULL ENABLE);
  ALTER TABLE "TOTALLYSPIES"."LOCATION" MODIFY ("LOCATION_ID" NOT NULL ENABLE);
--------------------------------------------------------
--  Constraints for Table PROJECT
--------------------------------------------------------

  ALTER TABLE "TOTALLYSPIES"."PROJECT" MODIFY ("GIVINGLEVEL_ID" NOT NULL ENABLE);
  ALTER TABLE "TOTALLYSPIES"."PROJECT" MODIFY ("LOCATION_ID" NOT NULL ENABLE);
  ALTER TABLE "TOTALLYSPIES"."PROJECT" MODIFY ("BUDGET_ID" NOT NULL ENABLE);
  ALTER TABLE "TOTALLYSPIES"."PROJECT" MODIFY ("ACCOUNT_ID" NOT NULL ENABLE);
  ALTER TABLE "TOTALLYSPIES"."PROJECT" MODIFY ("WhyWe'reDoingIt" NOT NULL ENABLE);
  ALTER TABLE "TOTALLYSPIES"."PROJECT" MODIFY ("TheSteps" NOT NULL ENABLE);
  ALTER TABLE "TOTALLYSPIES"."PROJECT" MODIFY ("LEADER" NOT NULL ENABLE);
  ALTER TABLE "TOTALLYSPIES"."PROJECT" MODIFY ("FUNDINGDEADLINE" NOT NULL ENABLE);
  ALTER TABLE "TOTALLYSPIES"."PROJECT" MODIFY ("DATECREATED" NOT NULL ENABLE);
  ALTER TABLE "TOTALLYSPIES"."PROJECT" MODIFY ("DESCRIPTION" NOT NULL ENABLE);
  ALTER TABLE "TOTALLYSPIES"."PROJECT" MODIFY ("GOAL" NOT NULL ENABLE);
  ALTER TABLE "TOTALLYSPIES"."PROJECT" MODIFY ("STATUS" NOT NULL ENABLE);
  ALTER TABLE "TOTALLYSPIES"."PROJECT" MODIFY ("TITLE" NOT NULL ENABLE);
  ALTER TABLE "TOTALLYSPIES"."PROJECT" MODIFY ("PROJECT_ID" NOT NULL ENABLE);
  ALTER TABLE "TOTALLYSPIES"."PROJECT" ADD CONSTRAINT "PROJECT_PK" PRIMARY KEY ("PROJECT_ID")
  USING INDEX PCTFREE 10 INITRANS 2 MAXTRANS 255 COMPUTE STATISTICS 
  STORAGE(INITIAL 65536 NEXT 1048576 MINEXTENTS 1 MAXEXTENTS 2147483645
  PCTINCREASE 0 FREELISTS 1 FREELIST GROUPS 1
  BUFFER_POOL DEFAULT FLASH_CACHE DEFAULT CELL_FLASH_CACHE DEFAULT)
  TABLESPACE "USERS"  ENABLE;
--------------------------------------------------------
--  Constraints for Table PROJECTTYPE
--------------------------------------------------------

  ALTER TABLE "TOTALLYSPIES"."PROJECTTYPE" MODIFY ("PROJECTTYPE_ID" NOT NULL ENABLE);
  ALTER TABLE "TOTALLYSPIES"."PROJECTTYPE" ADD CONSTRAINT "PROJECTTYPE_PK" PRIMARY KEY ("PROJECTTYPE_ID")
  USING INDEX PCTFREE 10 INITRANS 2 MAXTRANS 255 COMPUTE STATISTICS 
  STORAGE(INITIAL 65536 NEXT 1048576 MINEXTENTS 1 MAXEXTENTS 2147483645
  PCTINCREASE 0 FREELISTS 1 FREELIST GROUPS 1
  BUFFER_POOL DEFAULT FLASH_CACHE DEFAULT CELL_FLASH_CACHE DEFAULT)
  TABLESPACE "USERS"  ENABLE;
  ALTER TABLE "TOTALLYSPIES"."PROJECTTYPE" MODIFY ("PROJECTTYPE" NOT NULL ENABLE);
--------------------------------------------------------
--  Constraints for Table TYPE
--------------------------------------------------------

  ALTER TABLE "TOTALLYSPIES"."TYPE" ADD CONSTRAINT "TYPE_PK" PRIMARY KEY ("PROJECTTYPE_ID", "PROJECT_ID")
  USING INDEX PCTFREE 10 INITRANS 2 MAXTRANS 255 COMPUTE STATISTICS 
  STORAGE(INITIAL 65536 NEXT 1048576 MINEXTENTS 1 MAXEXTENTS 2147483645
  PCTINCREASE 0 FREELISTS 1 FREELIST GROUPS 1
  BUFFER_POOL DEFAULT FLASH_CACHE DEFAULT CELL_FLASH_CACHE DEFAULT)
  TABLESPACE "USERS"  ENABLE;
  ALTER TABLE "TOTALLYSPIES"."TYPE" MODIFY ("PROJECT_ID" NOT NULL ENABLE);
  ALTER TABLE "TOTALLYSPIES"."TYPE" MODIFY ("PROJECTTYPE_ID" NOT NULL ENABLE);
--------------------------------------------------------
--  Constraints for Table URL
--------------------------------------------------------

  ALTER TABLE "TOTALLYSPIES"."URL" ADD CONSTRAINT "URL_PK" PRIMARY KEY ("URL_ID")
  USING INDEX PCTFREE 10 INITRANS 2 MAXTRANS 255 COMPUTE STATISTICS 
  STORAGE(INITIAL 65536 NEXT 1048576 MINEXTENTS 1 MAXEXTENTS 2147483645
  PCTINCREASE 0 FREELISTS 1 FREELIST GROUPS 1
  BUFFER_POOL DEFAULT FLASH_CACHE DEFAULT CELL_FLASH_CACHE DEFAULT)
  TABLESPACE "USERS"  ENABLE;
  ALTER TABLE "TOTALLYSPIES"."URL" MODIFY ("ACCOUNT_ID" NOT NULL ENABLE);
  ALTER TABLE "TOTALLYSPIES"."URL" MODIFY ("LINK" NOT NULL ENABLE);
  ALTER TABLE "TOTALLYSPIES"."URL" MODIFY ("URL_ID" NOT NULL ENABLE);
